model_key,display_name,model_type,split,best_iteration,best_score,accuracy,precision,recall,f1_score,model_json,model_joblib
baseline_split_60_40,Baseline Split 60:40,baseline,60:40,829,0.405236951260492,0.8148843026891808,0.8187579214195184,0.8085106382978723,0.8136020151133502,models/baseline_split_60_40.json,models/baseline_split_60_40.joblib
optuna_split_60_40,Optuna Split 60:40,optuna,60:40,2764,0.3768318284935189,0.8255159474671669,0.8258145363408521,0.8247809762202754,0.8252974326862867,models/optuna_split_60_40.json,models/optuna_split_60_40.joblib
baseline_split_70_30,Baseline Split 70:30,baseline,70:30,881,0.37434657668126664,0.8323603002502085,0.8454861111111112,0.8130217028380634,0.828936170212766,models/baseline_split_70_30.json,models/baseline_split_70_30.joblib
optuna_split_70_30,Optuna Split 70:30,optuna,70:30,2155,0.33314378507702525,0.8331943286071727,0.8469565217391304,0.8130217028380634,0.8296422487223168,models/optuna_split_70_30.json,models/optuna_split_70_30.joblib
baseline_split_80_20,Baseline Split 80:20,baseline,80:20,957,0.3666606085069361,0.84375,0.8647214854111406,0.815,0.8391248391248392,models/baseline_split_80_20.json,models/baseline_split_80_20.joblib
optuna_split_80_20,Optuna Split 80:20,optuna,80:20,932,0.3186400176526513,0.85625,0.88,0.825,0.8516129032258064,models/optuna_split_80_20.json,models/optuna_split_80_20.joblib
